date,n_pool,n_picks,thin,pool,gross,net,turnover,spy,picks,excess
2011-01-31,227,2,True,0.03311091656133323,0.03311091656133323,0.03311091656133323,0.0,0.034737817885971634,AAPL AMZN,0.0
2011-02-28,245,5,False,0.012755865437220433,0.05180116128646757,0.05080116128646757,1.0,0.00012017414380838254,AAPL AMZN CTSH NFLX PEP,0.03804529584924714
2011-03-31,265,3,True,0.03170946287765159,0.03170946287765159,0.02970946287765159,1.0,0.028960979343852555,AAPL AMZN PEP,-0.0020000000000000018
2011-04-29,268,4,True,-0.005218070759743504,-0.005218070759743504,-0.005218070759743504,0.0,-0.011214400862511908,AAPL AMZN FSLR PEP,0.0
2011-05-31,269,5,False,-0.01689193848739989,0.006251451704686018,0.005251451704686018,1.0,-0.016869913150407534,AAPL AMZN CTSH FSLR PEP,0.02214339019208591
2011-06-30,271,6,False,-0.03703570174188495,-0.010314301925053374,-0.010647635258386707,0.16666666666666663,-0.020004222614803613,AAPL AMZN CTSH FSLR ORCL PEP,0.02638806648349824
2011-07-29,272,6,False,-0.05906855564268213,-0.07350627332870445,-0.07383960666203779,0.16666666666666663,-0.05497581607698632,AKAM AMZN CTSH FSLR ORCL PEP,-0.014771051019355656
2011-08-31,275,6,False,-0.08483409831219264,-0.08070642727785982,-0.08070642727785982,0.0,-0.06942069720615152,AKAM AMZN CTSH FSLR ORCL PEP,0.004127671034332828
2011-09-30,276,7,False,0.13455981131708555,0.024902692432347613,0.024616978146633328,0.1428571428571429,0.10914733938213161,AKAM AMZN CTSH FSLR NFLX ORCL PEP,-0.10994283317045223
2011-10-31,279,6,False,-0.0019335063728894246,-0.07095370082372861,-0.07128703415706195,0.16666666666666663,-0.004063802007271855,AAPL AMZN FSLR NFLX ORCL PEP,-0.06935352778417252
2011-11-30,280,6,False,0.003285433158029507,-0.06768122692479613,-0.06768122692479613,0.0,0.01044817642983853,AAPL AMZN FSLR NFLX ORCL PEP,-0.07096666008282564
2011-12-30,283,7,False,0.06320584186261954,0.20645748948513604,0.20617177519942176,0.1428571428571429,0.04637433805770952,AAPL AMZN CTSH FSLR NFLX ORCL PEP,0.14296593333680221
2012-01-31,284,6,False,0.040157695675231524,-0.033204223925707765,-0.033204223925707765,0.0,0.04340591591631204,AAPL AMZN FSLR NFLX ORCL PEP,-0.0733619196009393
2012-02-29,291,10,False,0.025526669489865546,0.022346028161676544,0.021146028161676544,0.6,0.03216384772939351,AMZN CLF CMCSA CTSH EOG FSLR INTC KO NFLX ORCL,-0.004380641328189001
2012-03-30,294,10,False,-0.005162655100062579,-0.017126686465159323,-0.01732668646515932,0.09999999999999998,-0.00667596815738325,AMZN CLF CMCSA CTSH EOG INTC KO NFLX ORCL WYNN,-0.012164031365096743
2012-04-30,295,11,False,-0.06850739365016523,-0.15815414052065943,-0.1583359587024776,0.09090909090909094,-0.06005564864745172,AMZN CLF CMCSA CTSH EOG FOSL INTC KO NFLX ORCL WYNN,-0.08982856505231238
2012-05-31,295,12,False,0.034941814608412516,0.036371639072994684,0.036204972406328015,0.08333333333333337,0.04058102595502855,AMZN CLF CMCSA CTSH EOG FOSL INTC KO NFLX ORCL RL WYNN,0.0012631577979154984
2012-06-29,297,12,False,0.003285068374112296,-0.030357180903956126,-0.030523847570622792,0.08333333333333337,0.011829931330414212,AMZN CLF CMCSA CTSH EOG FOSL INTC KO NFLX NTAP RL WYNN,-0.03380891594473509
2012-07-31,296,12,False,0.029155428293430583,0.05103895538376111,0.05103895538376111,0.0,0.025052258144506512,AMZN CLF CMCSA CTSH EOG FOSL INTC KO NFLX NTAP RL WYNN,0.021883527090330528
2012-08-31,296,15,False,0.02027500327662398,0.008602102634459773,0.008202102634459774,0.19999999999999996,0.025350837952088368,AMZN CLF CMCSA CTSH EOG FOSL INTC KO NFLX NTAP PRGO RL STX WDC WYNN,-0.012072900642164206
2012-09-28,296,15,False,-0.004052680931801152,-0.0033150595133413898,-0.0033150595133413898,0.0,-0.01819789503468694,AMZN CLF CMCSA CTSH EOG FOSL INTC KO NFLX NTAP PRGO RL STX WDC WYNN,0.0007376214184597624
2012-10-31,297,15,False,0.01575560465199731,-0.009019281130496215,-0.009019281130496215,0.0,0.005659575300265507,AMZN CLF CMCSA CTSH EOG FOSL INTC KO NFLX NTAP PRGO RL STX WDC WYNN,-0.024774885782493525
2012-11-30,297,17,False,0.0240791214574737,0.07069561961243799,0.07046032549479093,0.11764705882352944,0.008934735478035583,AAPL AMZN CLF CMCSA CTSH EOG FOSL HP INTC KO NFLX NTAP PRGO RL STX WDC WYNN,0.046381204037317235
2012-12-31,299,17,False,0.06758308465791492,0.09389484638214837,0.09389484638214837,0.0,0.051189711350273726,AAPL AMZN CLF CMCSA CTSH EOG FOSL HP INTC KO NFLX NTAP PRGO RL STX WDC WYNN,0.026311761724233454
2013-01-31,299,17,False,0.011941637822738238,-0.007341557160084973,-0.007341557160084973,0.0,0.012758857907226862,AAPL AMZN CLF CMCSA CTSH EOG FOSL HP INTC KO NFLX NTAP PRGO RL STX WDC WYNN,-0.01928319498282321
2013-02-28,305,14,False,0.0417538820569223,0.03435239339610537,0.0337809648246768,0.2857142857142857,0.03797114870374729,AAPL AMZN CTSH FSLR HP MCO NOV NTAP PRGO RL STX VFC WDC WYNN,-0.007972917232245497
2013-03-28,307,16,False,0.022572222791026737,0.061735920958456314,0.061360920958456314,0.1875,0.0192122608305354,AAPL AKAM AMZN CTSH FSLR HP MCO NBR NOV NTAP PRGO RL STX TER VFC WDC,0.03878869816742958
2013-04-30,307,15,False,0.025218058600821016,0.0678536419329177,0.06772030859958436,0.06666666666666665,0.02361001142208785,AAPL AMZN CTSH FFIV FSLR HP NBR NOV NTAP PRGO RL STX TER VFC WDC,0.04250224999876334
2013-05-31,309,14,False,-0.01254596632084777,-0.02874172902456134,-0.02874172902456134,0.0,-0.01334460264076287,AAPL AMZN CTSH FFIV FSLR HP NBR NOV NTAP PRGO STX TER VFC WDC,-0.01619576270371357
2013-06-28,309,14,False,0.0550896311157365,0.05197676400655488,0.05183390686369774,0.0714285714285714,0.0516767296447056,AAPL AMZN CTSH EBAY FFIV FSLR HP NBR NOV PRGO STX TER VFC WDC,-0.0032557242520387594
2013-07-31,308,14,False,-0.02849542340789149,-0.03400353772948037,-0.03400353772948037,0.0,-0.029992232276417896,AAPL AMZN CTSH EBAY FFIV FSLR HP NBR NOV PRGO STX TER VFC WDC,-0.005508114321588882
2013-08-30,308,11,False,0.043675672243462936,0.0718439566531614,0.0718439566531614,0.0,0.031646235063870876,AAPL AMZN CTSH EBAY FFIV FSLR HP NBR NOV TER VFC,0.028168284409698464
2013-09-30,309,11,False,0.04376076723347344,0.07787914992606297,0.07787914992606297,0.0,0.04630720169788827,AAPL AMZN CTSH EBAY FFIV FSLR HP NBR NOV TER VFC,0.03411838269258953
2013-10-31,310,10,False,0.027707991780453155,0.03325868318059531,0.03325868318059531,0.0,0.029637378302609374,AMZN CTSH EBAY FFIV FSLR HP NBR NOV TER VFC,0.005550691400142152
2013-11-29,310,9,False,0.025620283696927038,0.023086168374558014,0.022863946152335793,0.11111111111111116,0.025926446435276196,AMZN CTSH EBAY FSLR NBR NOV QCOM TER VFC,-0.0027563375445912447
2013-12-31,311,8,False,-0.027234119176599413,-0.04499243859667902,-0.04499243859667902,0.0,-0.03524832897568031,AMZN CTSH EBAY FSLR NBR NOV QCOM VFC,-0.017758319420079608
2014-01-31,311,8,False,0.054032503167788785,0.08849350251106744,0.08849350251106744,0.0,0.045516139068014105,AMZN CTSH EBAY FSLR NBR NOV QCOM VFC,0.034460999343278655
2014-02-28,321,5,False,0.009786665383944442,0.012415880311047811,0.012015880311047812,0.19999999999999996,0.008295217178468706,AMZN CTSH EOG NBR QCOM,0.00222921492710337
2014-03-31,323,7,False,-5.30774558545001e-05,-0.02238104689871648,-0.02323818975585934,0.4285714285714286,0.006951720022994046,AMZN CTSH EMN EOG MPC NFLX QCOM,-0.02318511230000484
2014-04-30,323,7,False,0.023520577514307174,0.06002935087879705,0.06002935087879705,0.0,0.023206246256030738,AMZN CTSH EMN EOG MPC NFLX QCOM,0.03650877336448988
2014-05-30,324,8,False,0.024741823502521038,0.02902175483457188,0.02877175483457188,0.125,0.020644663175110267,AMZN CTSH EMN EOG MPC NFLX QCOM UAA,0.004029931332050842
2014-06-30,324,7,False,-0.025131279000894326,-0.03350106675934946,-0.03350106675934946,0.0,-0.01343756586421252,AMZN CTSH EMN EOG MPC NFLX QCOM,-0.008369787758455136
2014-07-31,323,7,False,0.04607327200595112,0.047239060316645105,0.047239060316645105,0.0,0.03946379534404776,AMZN CTSH EMN EOG MPC NFLX QCOM,0.0011657883106939854
2014-08-29,324,7,False,-0.022091032924765493,-0.04662286614452233,-0.04662286614452233,0.0,-0.013796115056950553,AMZN CTSH EMN EOG MPC NFLX QCOM,-0.024531833219756837
2014-09-30,325,7,False,0.03337182140191751,-0.0009877994792110792,-0.0009877994792110792,0.0,0.023550772750131843,AMZN CTSH EMN EOG MPC NFLX QCOM,-0.03435962088112859
2014-10-31,325,7,False,0.028362377166244932,-0.00491775878133871,-0.00491775878133871,0.0,0.02747177963553793,AMZN CTSH EMN EOG MPC NFLX QCOM,-0.03328013594758364
2014-11-28,324,7,False,0.0014821757395636643,-0.018478204592901535,-0.01876391887861582,0.1428571428571429,-0.002536468702462047,AMZN CTSH EMN EOG FFIV MPC NFLX,-0.020246094618179486
2014-12-31,324,8,False,-0.030001613021841206,0.03872938148674783,0.03847938148674783,0.125,-0.029629364008131542,AMZN CTSH EMN EOG FFIV MPC NFLX UAA,0.06848099450858904
2015-01-30,324,7,False,0.06127876881889139,0.07966773065159849,0.07966773065159849,0.0,0.05620453252535085,AMZN CTSH EMN EOG FFIV MPC NFLX,0.0183889618327071
2015-02-27,326,7,False,-0.008945784529427651,-0.039761718843423784,-0.04004743312913807,0.1428571428571429,-0.01570572561303285,AMZN CTSH DVN EMN FFIV MPC NFLX,-0.031101648599710416
2015-03-31,330,7,False,0.0022286210012324005,0.10457036810386201,0.10371322524671915,0.4285714285714286,0.009833996494735375,AKAM AMZN DVN FFIV GILD NFLX NRG,0.10148460424548675
2015-04-30,330,5,False,0.011076641068645292,0.02474437805596037,0.02474437805596037,0.0,0.012856215743511479,AMZN DVN FFIV NFLX NRG,0.013667736987315077
2015-05-29,330,5,False,-0.021068006769448276,-0.0518065017024895,-0.0522065017024895,0.19999999999999996,-0.0203119063716809,AMZN DVN FFIV MCK NRG,-0.031138494933041223
2015-06-30,330,6,False,0.014030006990124085,0.041326841002878166,0.040993507669544835,0.16666666666666663,0.022588872029696283,AKAM AMZN DVN FFIV MCK NRG,0.02696350067942075
2015-07-31,332,7,False,-0.05285118004269411,-0.04947678513581642,-0.05004821370724499,0.2857142857142857,-0.06094985613826487,AAP AMZN DVN FFIV MCK NRG SIG,0.002802966335449117
2015-08-31,332,7,False,-0.031411316804056726,-0.06045874254926304,-0.06045874254926304,0.0,-0.02551606055422373,AAP AMZN DVN FFIV MCK NRG SIG,-0.029047425745206315
2015-09-30,333,7,False,0.07242779119784659,0.04376505788743125,0.04376505788743125,0.0,0.08505993061798223,AAP AMZN DVN FFIV MCK NRG SIG,-0.028662733310415342
2015-10-30,333,8,False,0.002428475488561256,-0.03107990502044186,-0.03132990502044186,0.125,0.003654928153190795,AAP AKAM AMZN DVN FFIV MCK NRG SIG,-0.033758380509003115
2015-11-30,333,7,False,-0.02427577760635971,-0.0727105375547303,-0.0727105375547303,0.0,-0.017282665478828174,AAP AKAM AMZN DVN MCK NRG SIG,-0.048434759948370584
2015-12-31,335,7,False,-0.05312758279025382,-0.10134039152461581,-0.10134039152461581,0.0,-0.04978645073548538,AAP AKAM AMZN DVN MCK NRG SIG,-0.04821280873436199
2016-01-29,336,8,False,0.01881367651462909,-0.028347107935645127,-0.028597107935645127,0.125,-0.0008261021298261451,AAP AKAM AMZN DVN GILD MCK NRG SIG,-0.04741078445027422
2016-02-29,338,9,False,0.07990059474465637,0.08791316224248076,0.08746871779803632,0.2222222222222222,0.06726600152645901,AAP AKAM AMZN CTSH GILD MCK NRG SIG UNH,0.007568123053379949
2016-03-31,340,6,False,0.008477697201910215,0.016236779529097578,0.015903446195764243,0.16666666666666663,0.003941360731209542,AMZN CNC CTSH GILD MCK UNH,0.007425748993854028
2016-04-29,341,6,False,0.014989513880401496,0.04134511852466155,0.04134511852466155,0.0,0.017011478806909563,AMZN CNC CTSH GILD MCK UNH,0.026355604644260053
2016-05-31,346,5,False,0.004353903978398962,0.018222782503236834,0.018222782503236834,0.0,0.003475866274032402,AMZN CNC CTSH GILD UNH,0.013868878524837872
2016-06-30,348,5,False,0.045496287127448354,0.004008986709466633,0.004008986709466633,0.0,0.03647141987395952,AMZN CNC CTSH GILD UNH,-0.04148730041798172
2016-07-29,348,5,False,0.0008846707278931522,-0.01658202636367454,-0.01658202636367454,0.0,0.0011972959439987552,AMZN CNC CTSH GILD UNH,-0.017466697091567694
2016-08-31,348,5,False,0.0005276849792039822,-0.010185192704699687,-0.010185192704699687,0.0,5.774447598505539e-05,AMZN CNC CTSH GILD UNH,-0.010712877683903669
2016-09-30,351,5,False,-0.02552367907277421,-0.02144333794090103,-0.02144333794090103,0.0,-0.01733663325197532,AMZN CNC CTSH GILD UNH,0.00408034113187318
2016-10-31,352,6,False,0.049411766082049995,0.03257848487741662,0.03224515154408329,0.16666666666666663,0.03683846844453709,AMZN AYI CNC CTSH GILD UNH,-0.017166614537966703
2016-11-30,353,7,False,0.011390428767909806,-0.016104789706514872,-0.016390503992229157,0.1428571428571429,0.020271675952841628,AMZN AYI BDX CNC CTSH GILD UNH,-0.027780932760138963
2016-12-30,353,7,False,0.026176687721793095,0.021445705509053718,0.021445705509053718,0.0,0.017894748301810814,AMZN AYI BDX CNC CTSH GILD UNH,-0.004730982212739376
2017-01-31,355,8,False,0.03192100796838632,0.0506709645972102,0.0504209645972102,0.125,0.039291519485525006,AMZN AYI BDX CNC CTSH GILD LEN UNH,0.01849995662882388
2017-02-28,356,8,False,0.0029579523871064934,0.0025805030718691335,0.0020805030718691335,0.25,0.0012499411273221295,AMZN AYI BDX CTSH LEN LKQ PYPL UNH,-0.0008774493152373599
2017-03-31,359,7,False,0.006506751753274939,0.022372562291211873,0.022372562291211873,0.0,0.009926277266409267,AMZN AYI BDX LEN LKQ PYPL UNH,0.015865810537936932
2017-04-28,360,7,False,0.011117519750608157,0.018901564036240517,0.018901564036240517,0.0,0.01411261102618222,AMZN AYI BDX LEN LKQ PYPL UNH,0.00778404428563236
2017-05-31,361,7,False,0.010992111118164087,0.06176847237307153,0.06176847237307153,0.0,0.006374951424947595,AMZN AYI BDX LEN LKQ PYPL UNH,0.05077636125490744
2017-06-30,360,7,False,0.016991773184058343,0.029811029864637923,0.029811029864637923,0.0,0.02055430316212381,AMZN AYI BDX LEN LKQ PYPL UNH,0.01281925668057958
2017-07-31,360,7,False,-0.0036174877336093677,-0.009221437864511826,-0.009221437864511826,0.0,0.0029177011290943966,AMZN AYI BDX LEN LKQ PYPL UNH,-0.005603950130902458
2017-08-31,360,7,False,0.031734424589539394,0.002940558605351949,0.002940558605351949,0.0,0.0201494409104217,AMZN AYI BDX LEN LKQ PYPL UNH,-0.028793865984187445
2017-09-29,362,7,False,0.018072789820175433,0.07150249721961466,0.07150249721961466,0.0,0.023564437989021858,AMZN AYI BDX LEN LKQ PYPL UNH,0.053429707399439225
2017-10-31,363,5,False,0.039629936625732505,0.08802862177571877,0.08802862177571877,0.0,0.03056556601380289,AMZN BDX LEN LKQ UNH,0.04839868514998626
2017-11-30,363,4,True,0.009127190599321459,0.009127190599321459,0.007127190599321459,1.0,0.012128159443226982,AMZN LEN LKQ UNH,-0.002
2017-12-29,362,5,False,0.04659778330685785,0.07771876234923192,0.07671876234923192,1.0,0.05635933759222067,AMAT AMZN LEN LKQ UNH,0.03012097904237407
2018-01-31,363,5,False,-0.04401529608322416,-0.016866189654714515,-0.016866189654714515,0.0,-0.03636064253885507,AMAT AMZN LEN LKQ UNH,0.027149106428509644
2018-02-28,365,6,False,-0.010365921236199352,-0.007400724386000386,-0.008067391052667053,0.33333333333333337,-0.027410753750027217,AMAT AMZN LEN LKQ PYPL REGN,0.0022985301835322988
2018-03-29,369,5,False,-0.002422731310976786,-0.05229349399827565,-0.05229349399827565,0.0,0.005168322656125213,AMAT AMZN LEN PYPL REGN,-0.04987076268729887
2018-04-30,371,6,False,0.015460763003104562,0.019701532634891106,0.01936819930155777,0.16666666666666663,0.02430894633260694,AMAT AMZN LEN PYPL REGN ULTA,0.003907436298453209
2018-05-31,372,6,False,0.006883882063801058,0.012709013987018144,0.012709013987018144,0.0,0.00575108411708336,AMAT AMZN LEN PYPL REGN ULTA,0.005825131923217086
2018-06-29,372,6,False,0.03832439076975261,0.03247117369875424,0.03247117369875424,0.0,0.03704632825830978,AMAT AMZN LEN PYPL REGN ULTA,-0.005853217070998368
2018-07-31,370,7,False,0.022117592171766745,0.05321772793369623,0.052932013647981946,0.1428571428571429,0.03191999407006829,AMAT AMZN IPGP LEN PYPL REGN ULTA,0.0308144214762152
2018-08-31,370,6,False,0.0012633383247770032,-0.039163728763899175,-0.039163728763899175,0.0,0.0059457502953890184,AMAT AMZN IPGP LEN REGN ULTA,-0.040427067088676175
2018-09-28,370,6,False,-0.07340031700363238,-0.12694964825474844,-0.12694964825474844,0.0,-0.06910461173850824,AMAT AMZN IPGP LEN REGN ULTA,-0.053549331251116064
2018-10-31,371,6,False,0.031988632190971415,0.06984365619011519,0.06984365619011519,0.0,0.018549314293416774,AMAT AMZN IPGP LEN REGN ULTA,0.037855023999143776
2018-11-30,373,6,False,-0.09653916163625038,-0.11271307992462402,-0.11271307992462402,0.0,-0.08804852424271659,AMAT AMZN IPGP LEN REGN ULTA,-0.01617391828837364
2018-12-31,375,6,False,0.0965816439864833,0.16867126235492533,0.168337929021592,0.16666666666666663,0.08006591219589088,AMAT AMZN COO IPGP LEN ULTA,0.0717562850351087
2019-01-31,376,5,False,0.03954150489800334,0.040443345603903634,0.040443345603903634,0.0,0.032415610860129895,AMAT AMZN COO IPGP ULTA,0.0009018407059002906
2019-02-28,401,15,False,0.011909910929021179,0.049828769434558474,0.04836210276789181,0.7333333333333334,0.01810053534997169,AMAT AMD AMZN APH CBOE COO EOG EQIX FTNT IT NVDA PYPL SHW TMO ULTA,0.036452191838870635
2019-03-29,411,16,False,0.03496991194359861,0.05116738885329964,0.05091738885329964,0.125,0.04085254594356513,AMAT AMD AMZN APH CBOE CBRE COO EOG EQIX FTNT IT LKQ PYPL SHW TMO ULTA,0.015947476909701032
2019-04-30,410,15,False,-0.06454138350582105,-0.06586526674321551,-0.06586526674321551,0.0,-0.06377119178923907,AMAT AMD AMZN APH CBOE CBRE COO EOG EQIX FTNT IT LKQ PYPL SHW TMO,-0.0013238832373944631
2019-05-31,410,17,False,0.07813634907405714,0.08735390632901988,0.08711861221137282,0.11764705882352944,0.06958602932222457,AMAT AMD AMZN APH CBOE CBRE COO EOG EQIX FTNT IT LKQ NVDA PYPL SHW TMO TTWO,0.008982263137315677
2019-06-28,409,17,False,0.009691623581863176,0.007616520794335371,0.007616520794335371,0.0,0.015120163243687701,AMAT AMD AMZN APH CBOE CBRE COO EOG EQIX FTNT IT LKQ NVDA PYPL SHW TMO TTWO,-0.002075102787527805
2019-07-31,408,18,False,-0.02363059790504886,-0.011553729084548338,-0.011664840195659448,0.05555555555555558,-0.016743674086705074,ALGN AMAT AMD AMZN APH CBOE CBRE COO EOG EQIX FTNT IT LKQ NVDA PYPL SHW TMO TTWO,0.01196575770938941
2019-08-30,411,18,False,0.0316329917843213,0.013363067478083739,0.013363067478083739,0.0,0.019457727042636153,ALGN AMAT AMD AMZN APH CBOE CBRE COO EOG EQIX FTNT IT LKQ NVDA PYPL SHW TMO TTWO,-0.018269924306237563
2019-09-30,414,16,False,0.012705225905666747,0.05680039759365627,0.05680039759365627,0.0,0.022104907132773022,ALGN AMAT AMD AMZN APH CBOE CBRE COO EOG FTNT IT LKQ PYPL SHW TMO TTWO,0.04409517168798953
2019-10-31,414,16,False,0.03366771610765534,0.05956391561291652,0.05943891561291652,0.0625,0.03619808070469421,AMAT AMD AMZN APH CBOE CBRE COO EOG EQIX FTNT IT LKQ PYPL SHW TMO TTWO,0.025771199505261175
2019-11-29,416,15,False,0.026977501025412083,0.042335829786048135,0.042335829786048135,0.0,0.02905563706808567,AMAT AMD AMZN APH CBOE CBRE COO EOG EQIX IT LKQ PYPL SHW TMO TTWO,0.015358328760636052
2019-12-31,418,13,False,-0.014793037623208183,-0.008760895158058498,-0.008760895158058498,0.0,-0.00040387010377884724,AMD AMZN APH CBOE CBRE EOG EQIX IT LKQ PYPL SHW TMO TTWO,0.006032142465149685
2020-01-31,419,14,False,-0.08721274210728751,-0.08051984666508658,-0.08066270380794371,0.0714285714285714,-0.07916579906787546,AMD AMZN APH CBOE CBRE EOG EQIX IT LKQ PYPL SHW TMO TTWO URI,0.006550038299343794
2020-02-28,427,7,False,-0.18142822021522984,-0.10549870725711133,-0.1060701358285399,0.2857142857142857,-0.12487117610986231,ALGN AMZN CBRE FTNT PYPL TTWO URI,0.07535808438668994
2020-03-31,428,5,False,0.13902770615966856,0.2116223213871581,0.2116223213871581,0.0,0.12698313347435652,ALGN AMZN PYPL TTWO URI,0.07259461522748956
2020-04-30,427,6,False,0.05084706273725568,0.1480728830853373,0.14773954975200398,0.16666666666666663,0.047645724328453376,ALGN AMZN FTNT PYPL TTWO URI,0.09689248701474831
2020-05-29,428,4,True,0.012655116319100275,0.012655116319100275,0.010655116319100275,1.0,0.017734128309860653,ALGN AMZN TTWO URI,-0.002
2020-06-30,429,5,False,0.04601224976381977,0.11399016940758036,0.11299016940758036,1.0,0.05889209215938496,ALGN AMZN EW TTWO URI,0.0669779196437606
2020-07-31,426,4,True,0.04651843599193807,0.04651843599193807,0.04451843599193807,1.0,0.06979683333524944,ALGN AMZN TTWO URI,-0.0020000000000000018
2020-08-31,426,5,False,-0.022597655384955357,-0.02842523734969369,-0.02942523734969369,1.0,-0.03744352747657409,ALGN AMZN FTNT TTWO URI,-0.006827581964738334
2020-09-30,425,5,False,-0.007024227586138504,0.03240712096515404,0.03240712096515404,0.0,-0.024933666036467295,ALGN AMZN FTNT TTWO URI,0.039431348551292544
2020-10-30,426,5,False,0.14360901937157078,0.15368207942786422,0.1532820794278642,0.19999999999999996,0.10877689213396025,AMZN EW FTNT TTWO URI,0.009673060056293425
2020-11-30,426,4,True,0.03826702813192149,0.03826702813192149,0.03626702813192149,1.0,0.037048335386989484,AMZN FTNT TTWO URI,-0.0020000000000000018
2020-12-31,426,4,True,-0.012201702721796376,-0.012201702721796376,-0.012201702721796376,0.0,-0.010190553722677409,AMZN FTNT TTWO URI,0.0
2021-01-29,428,6,False,0.057100783768235866,0.01117950173036201,0.010179501730362011,1.0,0.02780548871543842,AMZN EW FB FTNT NFLX TTWO,-0.04692128203787385
2021-02-26,433,15,False,0.060807315015577956,0.04279189052710947,0.04145855719377614,0.6666666666666667,0.04539939445645169,AMZN CBOE EXPD FB FTNT HUM ICE NDAQ NFLX POOL TER TMO TSCO TTWO VRTX,-0.019348757821801815
2021-03-31,436,17,False,0.04843959732044583,0.06079103814856577,0.060555744030918714,0.11764705882352944,0.05291029623120469,AMZN CBOE DG EXPD FB FTNT HUM ICE NDAQ NFLX PKI POOL TER TMO TSCO TTWO VRTX,0.012116146710472883
2021-04-30,437,17,False,0.019318975900421614,0.019157977596466726,0.019157977596466726,0.0,0.006566307205719157,AMZN CBOE DG EXPD FB FTNT HUM ICE NDAQ NFLX PKI POOL TER TMO TSCO TTWO VRTX,-0.00016099830395488804
2021-05-28,438,15,False,0.0015704265817896035,0.04214787600851309,0.04214787600851309,0.0,0.022427396487435747,AMZN CBOE DG EXPD FB HUM ICE NDAQ NFLX PKI POOL TER TMO TSCO VRTX,0.040577449426723484
2021-06-30,438,15,False,0.014737027003536619,0.020262957301001368,0.020262957301001368,0.0,0.024412485038942444,AMZN CBOE DG EXPD FB HUM ICE NDAQ NFLX PKI POOL TER TMO TSCO VRTX,0.005525930297464749
2021-07-30,437,16,False,0.02310534002280667,0.023194247530717575,0.023069247530717575,0.0625,0.029759714696332207,AMZN CBOE DG EXPD FB HUM ICE MSFT NDAQ NFLX PKI POOL TER TMO TSCO VRTX,-3.609249208909315e-05
2021-08-31,439,16,False,-0.04098279664762702,-0.04098820140967681,-0.04098820140967681,0.0,-0.046605379693386295,AMZN CBOE DG EXPD FB HUM ICE MSFT NDAQ NFLX PKI POOL TER TMO TSCO VRTX,-5.404762049784906e-06
2021-09-30,438,17,False,0.05538364303023113,0.10053697841500467,0.10041933135618114,0.05882352941176472,0.07016365756839549,AMZN CBOE CPRT DG EXPD FB HUM ICE MSFT NDAQ NFLX PKI POOL TER TMO TSCO VRTX,0.04503568832595001
2021-10-29,438,18,False,-0.022380628401962453,-0.013621021097955703,-0.013732132209066814,0.05555555555555558,-0.008034974693946872,AMZN CBOE CPRT DG EXPD FB HUM ICE MSFT NDAQ NFLX PKI POOL PYPL TER TMO TSCO VRTX,0.008648496192895639
2021-11-30,438,21,False,0.06601924887952555,0.052023026102683764,0.05173731181696948,0.1428571428571429,0.04624782212402545,ADSK AMZN CBOE CPRT DG EXPD FB HUM ICE MSFT NDAQ NFLX PKI POOL PTC PYPL QCOM TER TMO TSCO VRTX,-0.014281937062556073
2021-12-31,440,22,False,-0.04980787192701003,-0.12138306189251911,-0.1214739709834282,0.045454545454545414,-0.05274118941298811,ADSK AMZN CBOE CPRT DG EPAM EXPD FB HUM ICE MSFT NDAQ NFLX PKI POOL PTC PYPL QCOM TER TMO TSCO VRTX,-0.07166609905641817
2022-01-31,440,21,False,-0.013428246173205998,-0.0803642381035062,-0.0803642381035062,0.0,-0.02951699618465531,AMZN CBOE CPRT DG EPAM EXPD FB HUM ICE MSFT NDAQ NFLX PKI POOL PTC PYPL QCOM TER TMO TSCO VRTX,-0.0669359919303002
2022-02-28,440,32,False,0.026906449366720424,0.03432566231438203,0.033263162314382026,0.53125,0.03759012221972591,ABT ALGN AMD AMZN CF CMG CPRT CRL DG DHR EFX EPAM EXPD FB GNRC GRMN JBHT LH NFLX NRG PKI POOL PTC PYPL QCOM REGN TER TMO TROW TSCO TYL WST,0.0063567129476616024
2022-03-31,442,35,False,-0.06422142031481898,-0.12864820044395892,-0.12887677187253035,0.11428571428571432,-0.08776874440338234,ABT ADSK ALGN AMD AMZN CF CMG CPRT CRL CRM DHR EFX EPAM EXPD FB GNRC GRMN JBHT LH MNST MOH NFLX NRG PKI POOL PTC PYPL QCOM REGN TER TMO TROW TSCO TYL WST,-0.06465535155771138
2022-04-29,443,35,False,0.009313406678737542,0.025301766855316203,0.025301766855316203,0.0,0.002257231918208147,ABT ADSK ALGN AMD AMZN CF CMG CPRT CRL CRM DHR EFX EPAM EXPD FB GNRC GRMN JBHT LH MNST MOH NFLX NRG PKI POOL PTC PYPL QCOM REGN TER TMO TROW TSCO TYL WST,0.01598836017657866
2022-05-31,443,34,False,-0.09091098339664556,-0.09082529142785922,-0.09082529142785922,0.0,-0.0824605287285296,ABT ALGN AMD AMZN CF CMG CPRT CRL CRM DHR EFX EPAM EXPD FB GNRC GRMN JBHT LH MNST MOH NFLX NRG PKI POOL PTC PYPL QCOM REGN TER TMO TROW TSCO TYL WST,8.569196878634167e-05
2022-06-30,444,36,False,0.08982810737705135,0.13224574824724955,0.13213463713613843,0.05555555555555558,0.09208748987821336,ABT ADSK ALGN AMD AMZN CF CMG CPRT CRL CRM DHR EFX EPAM EXPD GNRC GRMN IDXX JBHT LH META MNST MOH NFLX NRG PKI POOL PTC PYPL QCOM REGN TER TMO TROW TSCO TYL WST,0.04230652975908708
2022-07-29,444,36,False,-0.035199628690454024,-0.05547543134358515,-0.05553098689914071,0.02777777777777779,-0.04080187408110236,ABT ADSK ALGN AMD AMZN CF CMG CRL CRM DHR EFX EPAM EXPD GNRC GRMN IDXX JBHT LH META MNST MOH MSFT NFLX NRG PKI POOL PTC PYPL QCOM REGN TER TMO TROW TSCO TYL WST,-0.020331358208686687
2022-08-31,444,36,False,-0.09304602006463251,-0.0861903552637264,-0.08624591081928196,0.02777777777777779,-0.09244606208462802,ABT ALGN AMD AMZN CF CMG CRL CRM DHR EFX EPAM EXPD GNRC GRMN IDXX JBHT LH LRCX META MNST MOH MSFT NFLX NRG PKI POOL PTC PYPL QCOM REGN TER TMO TROW TSCO TYL WST,0.006800109245350558
2022-09-30,444,38,False,0.09728051521383951,0.032767269441240796,0.032662006283346055,0.052631578947368474,0.08127552250407799,ABT ADBE ALGN AMD AMZN CF CMG CPRT CRL CRM DHR EFX EPAM EXPD GNRC GRMN IDXX JBHT LH LRCX META MNST MOH MSFT NFLX NRG PKI POOL PTC PYPL QCOM REGN TER TMO TROW TSCO TYL WST,-0.06461850893049345
2022-10-31,447,42,False,0.07066071140240042,0.07603985967164273,0.07584938348116654,0.09523809523809523,0.05559148548591253,ABT ACN ADBE ALGN AMD AMZN CF CMG COST CPRT CRL CRM DHR EFX EPAM EW EXPD GNRC GRMN IDXX JBHT LH LRCX META MNST MOH MSFT NFLX NRG PKI POOL PTC PYPL QCOM REGN TER TMO TRGP TROW TSCO TYL WST,0.005188672078766124
2022-11-30,448,40,False,-0.04627263146843484,-0.06754818565627638,-0.06759818565627637,0.025000000000000022,-0.057628094143321595,ABT ACN ADSK ALGN AMD AMZN CF CMG COST CPRT CRL CRM DHR EFX EPAM EW EXPD GNRC GRMN JBHT LH LRCX META MNST MOH MSFT NFLX NRG PKI POOL PYPL QCOM REGN TER TMO TRGP TROW TSCO TYL WST,-0.02132555418784153
2022-12-30,449,42,False,0.07309167915340349,0.11396084530181885,0.11381798815896171,0.0714285714285714,0.0628871821995789,ABT ACN ADSK ALGN AMD AMZN AVGO CF CMG COST CPRT CRL CRM DHR EFX EPAM EW EXPD GNRC GRMN JBHT LH LRCX META MOH MSFT NFLX NRG PKI POOL PYPL QCOM REGN STLD TER TMO TRGP TROW TSCO TSLA TYL WST,0.04072630900555822
2023-01-31,449,40,False,-0.033037093412307914,-0.01783593978223171,-0.01788593978223171,0.025000000000000022,-0.025142592577141465,ABT ACN ALGN AMD AMZN AVGO CF CMG COST CPRT CRL CRM DHR EFX EPAM EW EXPD GNRC GRMN JBHT LH LRCX META MNST MOH MSFT NRG PKI POOL PYPL QCOM REGN STLD TER TMO TRGP TROW TSCO TYL WST,0.015151153630076204
2023-02-28,451,32,False,0.0005747323408110156,0.02353080699073532,0.02271830699073532,0.40625,0.03707780333835631,ACN ALB APH AVGO CF COST CPRT CRM EOG EPAM ES EXPD FANG JBHT LH LRCX MOH MOS MPC MSFT ODFL ON PKI POOL PWR QCOM STLD TRGP TYL VLO VRTX WMB,0.022143574649924305
2023-03-31,452,29,False,0.003373036386195204,-0.02282024334928983,-0.022958174383772588,0.06896551724137934,0.01597503737884387,ACN ALB APH AVGO CF COST CRM EOG EPAM ES FANG JBHT LRCX MOH MOS MPC NXPI ODFL OKE ON POOL PWR QCOM STLD TRGP TYL VLO VRTX WMB,-0.02633121076996779
2023-04-28,452,30,False,-0.03659632816995452,-0.01814161420159531,-0.018208280868261977,0.033333333333333326,0.004616168621425665,ACN ALB APH AVGO CF COST CRM ENPH EOG EPAM ES FANG JBHT LRCX MOH MOS MPC NXPI ODFL OKE ON POOL PWR QCOM STLD TRGP TYL VLO VRTX WMB,0.018388047301692544
2023-05-31,453,29,False,0.0809856688113982,0.09118322492145851,0.09111425940421713,0.03448275862068961,0.06479982437281784,ACN ALB APH CF COST CRM EOG EPAM ES FANG JBHT LRCX MCHP MOH MOS MPC NXPI ODFL OKE ON POOL PWR QCOM STLD TRGP TYL VLO VRTX WMB,0.01012859059281894
2023-06-30,453,30,False,0.03354145391099897,0.06616007527472048,0.06609340860805381,0.033333333333333326,0.03273315797802545,ACN ALB APH CF COST CRM ENPH EOG EPAM ES FANG JBHT LRCX MCHP MOH MOS MPC NXPI ODFL OKE ON POOL PWR QCOM STLD TRGP TYL VLO VRTX WMB,0.03255195469705484
2023-07-31,453,32,False,-0.03042701319531183,-0.01651521076576301,-0.01664021076576301,0.0625,-0.01625206749272956,ACN ALB ANET APH CF COST CRM ENPH EOG EPAM ES FANG JBHT LRCX LW MCHP MOH MOS MPC NXPI ODFL OKE ON POOL PWR QCOM STLD TRGP TYL VLO VRTX WMB,0.013786802429548817
2023-08-31,453,31,False,-0.05046631545579933,-0.02295665976502527,-0.023021175894057527,0.032258064516129004,-0.047434507600699005,ACN ALB APH CF COST CRM ENPH EOG EPAM ES FANG JBHT LW MCHP MOH MOS MPC NXPI ODFL OKE ON POOL PWR QCOM RMD STLD TRGP TYL VLO VRTX WMB,0.0274451395617418
2023-09-29,453,31,False,-0.03955879789198696,-0.06808848701730387,-0.06808848701730387,0.0,-0.02170853412819984,ACN ALB APH CF COST CRM ENPH EOG EPAM ES FANG JBHT LW MCHP MOH MOS MPC NXPI ODFL OKE ON POOL PWR QCOM RMD STLD TRGP TYL VLO VRTX WMB,-0.028529689125316907
2023-10-31,453,29,False,0.0944214637261532,0.09745229470571051,0.09738332918846913,0.03448275862068961,0.09134390929373848,ALB APH CF CRM ENPH EOG EPAM ES FANG JBHT LULU LW MCHP MOH MOS MPC NXPI ODFL OKE ON POOL PWR QCOM RMD STLD TRGP TYL VLO WMB,0.0029618654623159296
2023-11-30,453,29,False,0.06996426121888354,0.07336416346440303,0.07329519794716165,0.03448275862068961,0.0456553335842762,ALB APH CF CRM ENPH EOG EPAM ES FANG JBHT LULU LW MCHP MOH MOS MPC NXPI ODFL OKE ON PAYC POOL PWR RMD STLD TRGP TYL VLO WMB,0.003330936728278111
2023-12-29,454,31,False,-0.006916462633241494,-0.03775084265031428,-0.0378798749083788,0.06451612903225812,0.01592635070660786,ALB APH CF CRM DE ENPH EOG EPAM ES FANG JBHT LULU LW MCHP MOH MOS MPC NXPI ODFL OKE ON PAYC POOL PWR RMD STLD TRGP TYL UBER VLO WMB,-0.030963412275137304
2024-01-31,455,31,False,0.042926643202564924,0.07950268142649325,0.07950268142649325,0.0,0.05218686831471331,ALB APH CF CRM DE ENPH EOG EPAM ES FANG JBHT LULU LW MCHP MOH MOS MPC NXPI ODFL OKE ON PAYC POOL PWR RMD STLD TRGP TYL UBER VLO WMB,0.036576038223928325
2024-02-29,459,17,False,0.04433266971050687,0.0456016328144135,0.04466045634382526,0.47058823529411764,0.03270203210679101,BKNG CRM DE FTNT HLT LULU LW LYV MCHP META MGM NCLH PAYC PWR RMD STLD WYNN,0.0003277866333183943
2024-03-28,461,18,False,-0.05095518283831322,-0.07429904897067513,-0.07463238230400847,0.16666666666666663,-0.040319740111900315,BKNG DE DECK FTNT HLT LULU LW LYV MCHP META MGM NCLH PAYC PWR RMD SMCI UAL WYNN,-0.02367719946569525
2024-04-30,459,18,False,0.028932735209308127,0.00892281342932537,0.00892281342932537,0.0,0.05057983792715803,BKNG DE DECK FTNT HLT LULU LW LYV MCHP META MGM NCLH PAYC PWR RMD SMCI UAL WYNN,-0.02000992177998276
2024-05-31,460,17,False,-0.002801555985536533,0.0005234131671503805,0.0005234131671503805,0.0,0.03528012497633348,BKNG DE DECK FTNT HLT LULU LW LYV META MGM NCLH PAYC PWR RMD SMCI UAL WYNN,0.003324969152686913
2024-06-28,460,17,False,0.04433074898140603,-0.03713043881612338,-0.03713043881612338,0.0,0.012109030534064757,BKNG DE DECK FTNT HLT LULU LW LYV META MGM NCLH PAYC PWR RMD SMCI UAL WYNN,-0.08146118779752941
2024-07-31,460,18,False,0.02565618051227288,0.01045814861141825,0.01034703750030714,0.05555555555555558,0.02336565182317729,BKNG DE DECK DXCM FTNT HLT LULU LW LYV META MGM NCLH PAYC PWR RMD SMCI UAL WYNN,-0.015309143011965742
2024-08-30,460,17,False,0.024504746326951272,0.07583031524170145,0.07583031524170145,0.0,0.021004599190391327,BKNG DE DECK DXCM FTNT HLT LULU LW LYV META MGM NCLH PAYC PWR SMCI UAL WYNN,0.05132556891475017
2024-09-30,460,17,False,-0.0189958774322456,0.06178587424591629,0.06178587424591629,0.0,-0.008923713810365386,BKNG DE DECK DXCM FTNT HLT LULU LW LYV META MGM NCLH PAYC PWR SMCI UAL WYNN,0.0807817516781619
2024-10-31,459,16,False,0.06073158367669319,0.10212477576453352,0.10212477576453352,0.0,0.05963359572627902,BKNG DE DECK DXCM HLT LULU LW LYV META MGM NCLH PAYC PWR SMCI UAL WYNN,0.04139319208784033
2024-11-29,460,18,False,-0.06503872335392856,-0.03270703306017489,-0.03292925528239711,0.11111111111111116,-0.024060225334095242,BKNG DE DECK DXCM HLT LULU LW LYV META MGM MSFT NCLH PAYC PWR SMCI TDG UAL WYNN,0.03210946807153145
2024-12-31,463,17,False,0.036113514796020284,0.027030603918813238,0.02691295685998971,0.05882352941176472,0.026856458707753994,BKNG DECK DXCM HLT LULU LW LYV META MGM NCLH PAYC PWR SMCI TDG UAL WDAY WYNN,-0.009200557936030574
2025-01-31,462,15,False,-0.0077197909447367765,-0.04798896243353541,-0.04798896243353541,0.0,-0.012694719811016109,BKNG DECK DXCM HLT LULU LW LYV MGM NCLH PAYC PWR TDG UAL WDAY WYNN,-0.04026917148879863
2025-02-28,466,12,False,-0.033666880375238246,-0.05598647557813244,-0.0571531422447991,0.5833333333333333,-0.05571920548668341,BSX CI DECK FSLR LULU LW MOH PODD RCL TDG UBER WDAY,-0.023486261869560855
2025-03-31,468,11,False,-0.021032720683982806,0.019324999599309625,0.019324999599309625,0.0,-0.008670288132596515,BSX CI DECK FSLR LW MOH PODD RCL TDG UBER WDAY,0.04035772028329243
2025-04-30,468,11,False,0.04502292664141227,0.06660583869044981,0.06660583869044981,0.0,0.062844908465443,BSX CI DECK FSLR LW MOH PODD RCL TDG UBER WDAY,0.02158291204903754
2025-05-30,469,10,False,0.03404439080399849,0.03244807962873171,0.03244807962873171,0.0,0.0513862457746872,BSX CI FSLR LW MOH PODD RCL TDG UBER WDAY,-0.0015963111752667763
2025-06-30,469,10,False,0.008226618532080968,-0.06411617322249819,-0.06411617322249819,0.0,0.02303156696140296,BSX CI FSLR LW MOH PODD RCL TDG UBER WDAY,-0.07234279175457915
2025-07-31,469,9,False,0.027753592237410987,0.07320419651294835,0.07320419651294835,0.0,0.0205194448778121,BSX CI FSLR MOH PODD RCL TDG UBER WDAY,0.04545060427553736
2025-08-29,470,10,False,0.006946245399194555,0.011557995054895376,0.011157995054895377,0.19999999999999996,0.035620461449873186,BSX CI FSLR MOH RCL SMCI TDG TTD UBER WDAY,0.004211749655700822
2025-09-30,470,13,False,-0.009155888664895615,-0.008122081397273165,-0.008583619858811627,0.23076923076923073,0.023837317255337664,BSX CI EME FSLR INTU MOH PODD RCL SMCI TDG TTD UBER WDAY,0.0005722688060839885
2025-10-31,469,13,False,0.01846830083694666,-0.057596373752520885,-0.057596373752520885,0.0,0.0019500533440308665,BSX CI EME FSLR INTU MOH PODD RCL SMCI TDG TTD UBER WDAY,-0.07606467458946754
2025-11-28,470,13,False,0.0037921031518801094,-0.017647119707602278,-0.017800965861448432,0.07692307692307687,0.000797497263286262,BSX CI EME FSLR INTU MOH PODD PTC RCL SMCI TTD UBER WDAY,-0.021593069013328543
2025-12-31,471,14,False,0.03473849096630529,-0.029773984386935015,-0.029916841529792158,0.0714285714285714,0.014737793329742122,BSX CI EME FIX FSLR INTU MOH PODD PTC RCL SMCI TTD UBER WDAY,-0.06465533249609745
2026-01-30,470,15,False,0.031967321729788126,-0.058719911117806785,-0.05885324445114012,0.06666666666666665,-0.008641994294614319,BSX CI EME FIX FSLR INTU META MOH PODD PTC RCL SMCI TTD UBER WDAY,-0.09082056618092824
2026-02-27,474,22,False,-0.06018363363858241,-0.07849942994135706,-0.07940852085044797,0.4545454545454546,-0.04937951897005721,AMD APH BSX CSGP DASH DXCM EME FIX FSLR GOOG GRMN INCY INTU LVS META PODD PTC PWR SMCI TTD UBER WDAY,-0.019224887211865563
2026-03-31,474,23,False,0.06030282172326922,0.10505686494567104,0.10488295190219278,0.08695652173913049,0.10505264083288113,ADSK AMD APH BSX CSGP DASH DXCM EME FIX FSLR GOOG GRMN INCY INTU LVS META PODD PTC PWR SMCI TTD UBER VRT,0.04458013017892356
2026-04-30,475,23,False,0.024096409675375314,0.02991334834922657,0.02982639182748744,0.04347826086956519,0.05262574755586291,ADSK APH BSX CSGP DASH DXCM EME FICO FIX FSLR GOOG GRMN INCY INTU LVS META PODD PTC PWR SMCI TTD UBER VRT,0.0057299821521121265
2026-05-29,476,25,False,0.021257100180629228,-0.043728921973176516,-0.04396892197317651,0.12,-0.010292580956815511,ADSK APH BSX CSGP DASH DXCM EME FIX FSLR GEN GOOG GRMN INCY INTU LVS MA META PODD PTC PWR SMCI TTD UBER VEEV VRT,-0.06522602215380574
2026-06-30,474,26,False,0.01713105958492464,0.03696942082939981,0.03689249775247673,0.038461538461538436,0.00034822442006920973,ADSK APH BSX CSGP DASH DXCM EME FIX FSLR GEN GOOG GRMN INCY INTU ISRG LVS MA META PODD PTC PWR SMCI TTD UBER VEEV VRT,0.01976143816755209
2026-07-31,473,27,False,0.02112818073828036,0.04334082188620581,0.043192673738057664,0.07407407407407407,0.026799359784972054,ADSK APH BSX CSGP DASH DXCM EME FICO FIX FSLR GEN GOOG GRMN INCY INTU ISRG LVS META MSFT PODD PTC PWR SMCI TTD UBER VEEV VRT,0.022064492999777304
2026-08-31,476,25,False,-0.04804586238086932,-0.05144297926149389,-0.05144297926149389,0.0,-0.003293417783052144,ADSK APH BSX CSGP DASH DXCM EME FIX FSLR GEN GOOG GRMN INCY INTU ISRG LVS META MSFT PODD PTC PWR SMCI TTD UBER VRT,-0.003397116880624572
